ERR2027889	10572_0001
ERR2027890	10572_0002
ERR2027891	10572_0003
ERR2027892	10572_0005
ERR2027893	10572_0006
ERR2027894	10572_0007
ERR2027895	10572_0008
ERR2027896	10572_0009
ERR2027897	10572_0010
ERR2027898	10572_0011
ERR2027899	10572_0012
ERR2027900	10572_0013
ERR2027901	10572_0014
ERR2027902	10572_0015
ERR2027903	10572_0016
ERR2027904	10572_0017
ERR2027905	10572_0018
ERR2027906	10572_0019
ERR2027907	10572_0020
ERR2027909	10572_0022
ERR2027910	10572_0023
ERR2027911	10572_0024
ERR2027912	10572_0025
ERR2027913	10572_0026
ERR2027914	10572_0027
ERR2027915	10572_0028
ERR2027916	10572_0029
ERR2027918	10572_0031
ERR2027919	10572_0032
ERR2027920	10572_0033
ERR2027921	10572_0034
ERR2027922	10572_0035
ERR2027923	10572_0036
ERR2027924	10572_0037
ERR2027925	10572_0038
ERR2027926	10572_0039
ERR2027927	10572_0040
ERR2027928	10572_0041
ERR2027929	10572_0042
ERR2027930	10572_0043
ERR2027908	10572_0021
ERR2027917	10572_0030
